SKU,Product,Finish,Source,Reasons
H-013-457BSS,"H-013 Appliance Handle - Brushed Nickel, Matt Black, Chrome Finished",Brushed Nickel BSS,https://eurofitcanada.com/products/h-013-457-appliance-handle-satin-nickel-matt-black-chrome-finished,MISSING_WIDTH
H-013-457BK,"H-013 Appliance Handle - Brushed Nickel, Matt Black, Chrome Finished",Matt Black BK,https://eurofitcanada.com/products/h-013-457-appliance-handle-satin-nickel-matt-black-chrome-finished,MISSING_WIDTH
H-013-457CP,"H-013 Appliance Handle - Brushed Nickel, Matt Black, Chrome Finished",Chrome CP,https://eurofitcanada.com/products/h-013-457-appliance-handle-satin-nickel-matt-black-chrome-finished,MISSING_WIDTH
H-013-608BSS,"H-013 Appliance Handle - Brushed Nickel, Matt Black, Chrome Finished",Brushed Nickel BSS,https://eurofitcanada.com/products/h-013-457-appliance-handle-satin-nickel-matt-black-chrome-finished,MISSING_WIDTH
H-013-128BSS,H-013 Series Simplicity,Brushed Nickel BSS,https://eurofitcanada.com/products/h-013-series-simplicity-chrome-brish-nickel-oil-brushed-finished,CATALOGUE_WEBSITE_DIMENSION_CONFLICT
H-013-128BK,H-013 Series Simplicity,Black BK,https://eurofitcanada.com/products/h-013-series-simplicity-chrome-brish-nickel-oil-brushed-finished,CATALOGUE_WEBSITE_DIMENSION_CONFLICT
H-013-128CP,H-013 Series Simplicity,Chrome CP,https://eurofitcanada.com/products/h-013-series-simplicity-chrome-brish-nickel-oil-brushed-finished,CATALOGUE_WEBSITE_DIMENSION_CONFLICT
H-013-128ORB,H-013 Series Simplicity,Oil Brush ORB,https://eurofitcanada.com/products/h-013-series-simplicity-chrome-brish-nickel-oil-brushed-finished,CATALOGUE_WEBSITE_DIMENSION_CONFLICT
H-013-128SB,H-013 Series Simplicity,Rose Gold SB,https://eurofitcanada.com/products/h-013-series-simplicity-chrome-brish-nickel-oil-brushed-finished,CATALOGUE_WEBSITE_DIMENSION_CONFLICT
H-013-160BSS,H-013 Series Simplicity,Brushed Nickel BSS,https://eurofitcanada.com/products/h-013-series-simplicity-chrome-brish-nickel-oil-brushed-finished,CATALOGUE_WEBSITE_DIMENSION_CONFLICT
H-013-160SB,H-013 Series Simplicity,Rose Gold SB,https://eurofitcanada.com/products/h-013-series-simplicity-chrome-brish-nickel-oil-brushed-finished,CATALOGUE_WEBSITE_DIMENSION_CONFLICT
H-013-160BK,H-013 Series Simplicity,Black BK,https://eurofitcanada.com/products/h-013-series-simplicity-chrome-brish-nickel-oil-brushed-finished,CATALOGUE_WEBSITE_DIMENSION_CONFLICT
H-013-160CP,H-013 Series Simplicity,Chrome CP,https://eurofitcanada.com/products/h-013-series-simplicity-chrome-brish-nickel-oil-brushed-finished,CATALOGUE_WEBSITE_DIMENSION_CONFLICT
H-013-160ORB,H-013 Series Simplicity,Oil Brush ORB,https://eurofitcanada.com/products/h-013-series-simplicity-chrome-brish-nickel-oil-brushed-finished,CATALOGUE_WEBSITE_DIMENSION_CONFLICT
H-013-192BSS,H-013 Series Simplicity,Brushed Nickel BSS,https://eurofitcanada.com/products/h-013-series-simplicity-chrome-brish-nickel-oil-brushed-finished,CATALOGUE_WEBSITE_DIMENSION_CONFLICT
H-013-192SB,H-013 Series Simplicity,Rose Gold SB,https://eurofitcanada.com/products/h-013-series-simplicity-chrome-brish-nickel-oil-brushed-finished,CATALOGUE_WEBSITE_DIMENSION_CONFLICT
H-013-192BK,H-013 Series Simplicity,Black BK,https://eurofitcanada.com/products/h-013-series-simplicity-chrome-brish-nickel-oil-brushed-finished,CATALOGUE_WEBSITE_DIMENSION_CONFLICT
H-013-192CP,H-013 Series Simplicity,Chrome CP,https://eurofitcanada.com/products/h-013-series-simplicity-chrome-brish-nickel-oil-brushed-finished,CATALOGUE_WEBSITE_DIMENSION_CONFLICT
H-013-224BSS,H-013 Series Simplicity,Brushed Nickel BSS,https://eurofitcanada.com/products/h-013-series-simplicity-chrome-brish-nickel-oil-brushed-finished,CATALOGUE_WEBSITE_DIMENSION_CONFLICT
H-013-224SB,H-013 Series Simplicity,Rose Gold SB,https://eurofitcanada.com/products/h-013-series-simplicity-chrome-brish-nickel-oil-brushed-finished,CATALOGUE_WEBSITE_DIMENSION_CONFLICT
H-013-224BK,H-013 Series Simplicity,Black BK,https://eurofitcanada.com/products/h-013-series-simplicity-chrome-brish-nickel-oil-brushed-finished,CATALOGUE_WEBSITE_DIMENSION_CONFLICT
H-013-224CP,H-013 Series Simplicity,Chrome CP,https://eurofitcanada.com/products/h-013-series-simplicity-chrome-brish-nickel-oil-brushed-finished,CATALOGUE_WEBSITE_DIMENSION_CONFLICT
H-013-224ORB,H-013 Series Simplicity,Oil Brush ORB,https://eurofitcanada.com/products/h-013-series-simplicity-chrome-brish-nickel-oil-brushed-finished,CATALOGUE_WEBSITE_DIMENSION_CONFLICT
H-013-256BSS,H-013 Series Simplicity,Brushed Nickel BSS,https://eurofitcanada.com/products/h-013-series-simplicity-chrome-brish-nickel-oil-brushed-finished,CATALOGUE_WEBSITE_DIMENSION_CONFLICT
H-013-256CP,H-013 Series Simplicity,Chrome CP,https://eurofitcanada.com/products/h-013-series-simplicity-chrome-brish-nickel-oil-brushed-finished,CATALOGUE_WEBSITE_DIMENSION_CONFLICT
H-013-320BSS,H-013 Series Simplicity,Brushed Nickel BSS,https://eurofitcanada.com/products/h-013-series-simplicity-chrome-brish-nickel-oil-brushed-finished,CATALOGUE_WEBSITE_DIMENSION_CONFLICT
H-013-320SB,H-013 Series Simplicity,Rose Gold SB,https://eurofitcanada.com/products/h-013-series-simplicity-chrome-brish-nickel-oil-brushed-finished,CATALOGUE_WEBSITE_DIMENSION_CONFLICT
H-013-320BK,H-013 Series Simplicity,Black BK,https://eurofitcanada.com/products/h-013-series-simplicity-chrome-brish-nickel-oil-brushed-finished,CATALOGUE_WEBSITE_DIMENSION_CONFLICT
H-013-320CP,H-013 Series Simplicity,Chrome CP,https://eurofitcanada.com/products/h-013-series-simplicity-chrome-brish-nickel-oil-brushed-finished,CATALOGUE_WEBSITE_DIMENSION_CONFLICT
H-013-320ORB,H-013 Series Simplicity,Oil Brush ORB,https://eurofitcanada.com/products/h-013-series-simplicity-chrome-brish-nickel-oil-brushed-finished,CATALOGUE_WEBSITE_DIMENSION_CONFLICT
H-013-416BSS,H-013 Series Simplicity,Brushed Nickel BSS,https://eurofitcanada.com/products/h-013-series-simplicity-chrome-brish-nickel-oil-brushed-finished,CATALOGUE_WEBSITE_DIMENSION_CONFLICT
H-013-416CP,H-013 Series Simplicity,Chrome CP,https://eurofitcanada.com/products/h-013-series-simplicity-chrome-brish-nickel-oil-brushed-finished,CATALOGUE_WEBSITE_DIMENSION_CONFLICT
H-013-416ORB,H-013 Series Simplicity,Oil Brush ORB,https://eurofitcanada.com/products/h-013-series-simplicity-chrome-brish-nickel-oil-brushed-finished,CATALOGUE_WEBSITE_DIMENSION_CONFLICT
H-047-96BSS,"H-047 Charm - Brushed Nickel, Chrome, Black Nickel Finish",Brushed Nickel BSS,https://eurofitcanada.com/products/h-047-96-charm,CATALOGUE_WEBSITE_DIMENSION_CONFLICT
H-047-96PC,"H-047 Charm - Brushed Nickel, Chrome, Black Nickel Finish",Chrome CP,https://eurofitcanada.com/products/h-047-96-charm,CATALOGUE_WEBSITE_DIMENSION_CONFLICT
H-047-96BN,"H-047 Charm - Brushed Nickel, Chrome, Black Nickel Finish",Black Nickel BN,https://eurofitcanada.com/products/h-047-96-charm,CATALOGUE_WEBSITE_DIMENSION_CONFLICT
H-092-96BSS,H-092 Swirl'z - Satin Nickel Finished,Satin Nickel,https://eurofitcanada.com/products/copy-of-h-047-96-charm,DETAILED_PROFILE_REQUIRED
H-101-160BSS,H-101 Series Sensational - Satin Nickel Finished,Satin Nickel,https://eurofitcanada.com/products/h-101-swirl-pattern-handle-swirlz,MISSING_OR_UNMAPPED_MOUNTING_SPACING; MISSING_OR_UNMAPPED_OVERALL_LENGTH
H-101-224BSS,H-101 Series Sensational - Satin Nickel Finished,Satin Nickel,https://eurofitcanada.com/products/h-101-swirl-pattern-handle-swirlz,MISSING_OR_UNMAPPED_MOUNTING_SPACING; MISSING_OR_UNMAPPED_OVERALL_LENGTH
H-117-38,H-117 Series Lounge - Brushed Nickel,Satin Nickel,https://eurofitcanada.com/products/h-117-series-lounge-brushed-nickel,INSTALLATION_SECTION_REVIEW_REQUIRED; MISSING_OR_UNMAPPED_MOUNTING_SPACING; MISSING_OR_UNMAPPED_OVERALL_LENGTH; MISSING_PROJECTION
H-117-54,H-117 Series Lounge - Brushed Nickel,Satin Nickel,https://eurofitcanada.com/products/h-117-series-lounge-brushed-nickel,INSTALLATION_SECTION_REVIEW_REQUIRED; MISSING_PROJECTION
H-117-76,H-117 Series Lounge - Brushed Nickel,Satin Nickel,https://eurofitcanada.com/products/h-117-series-lounge-brushed-nickel,INSTALLATION_SECTION_REVIEW_REQUIRED; MISSING_OR_UNMAPPED_MOUNTING_SPACING; MISSING_OR_UNMAPPED_OVERALL_LENGTH; MISSING_PROJECTION
H-117-200,H-117 Series Lounge - Brushed Nickel,Satin Nickel,https://eurofitcanada.com/products/h-117-series-lounge-brushed-nickel,INSTALLATION_SECTION_REVIEW_REQUIRED; MISSING_OR_UNMAPPED_MOUNTING_SPACING; MISSING_OR_UNMAPPED_OVERALL_LENGTH; MISSING_PROJECTION
H-117-400,H-117 Series Lounge - Brushed Nickel,Satin Nickel,https://eurofitcanada.com/products/h-117-series-lounge-brushed-nickel,INSTALLATION_SECTION_REVIEW_REQUIRED; MISSING_OR_UNMAPPED_MOUNTING_SPACING; MISSING_OR_UNMAPPED_OVERALL_LENGTH; MISSING_PROJECTION
,H-148-96BSS Personality Recessed Pull- Satin Nickel Finished,Satin Nickel,https://eurofitcanada.com/products/h-148-96bss-personality-satin-nickel-finished-l128-x-w11-x-h37-mm,INSTALLATION_SECTION_REVIEW_REQUIRED; MISSING_OR_CONFLICTING_SUPPLIER_SKU
,H-214-76 Home Accent - Satin Nickel Finished,Satin Nickel,https://eurofitcanada.com/products/h-214delta-satin-nickel-chrome-finished-overall-4,MISSING_OR_CONFLICTING_SUPPLIER_SKU
,H-239 Creative - Satin Nickel Finished,Satin Nickel,https://eurofitcanada.com/products/h-239,INSTALLATION_SECTION_REVIEW_REQUIRED; MISSING_OR_CONFLICTING_SUPPLIER_SKU
H-258-160BSS,"H-258 Series Inspiration - Satin Nickel, Chrome",Brushed Nickel BSS,https://eurofitcanada.com/products/h-258,CATALOGUE_WEBSITE_DIMENSION_CONFLICT
H-258-160CP,"H-258 Series Inspiration - Satin Nickel, Chrome",Chrome CP,https://eurofitcanada.com/products/h-258,CATALOGUE_WEBSITE_DIMENSION_CONFLICT
H-258-224BSS,"H-258 Series Inspiration - Satin Nickel, Chrome",Brushed Nickel BSS,https://eurofitcanada.com/products/h-258,CATALOGUE_WEBSITE_DIMENSION_CONFLICT
H-258-224CP,"H-258 Series Inspiration - Satin Nickel, Chrome",Chrome CP,https://eurofitcanada.com/products/h-258,CATALOGUE_WEBSITE_DIMENSION_CONFLICT
H-322-128BSS,"H-322 Series Pull - Satin Nickel, Chrome Finished",Brushed Nickel BSS,https://eurofitcanada.com/products/h322,CATALOGUE_WEBSITE_DIMENSION_CONFLICT
H-322-128CP,"H-322 Series Pull - Satin Nickel, Chrome Finished",Chrome CP,https://eurofitcanada.com/products/h322,CATALOGUE_WEBSITE_DIMENSION_CONFLICT
H-322-160BSS,"H-322 Series Pull - Satin Nickel, Chrome Finished",Brushed Nickel BSS,https://eurofitcanada.com/products/h322,CATALOGUE_WEBSITE_DIMENSION_CONFLICT
H-322-224BSS,"H-322 Series Pull - Satin Nickel, Chrome Finished",Brushed Nickel BSS,https://eurofitcanada.com/products/h322,CATALOGUE_WEBSITE_DIMENSION_CONFLICT
H-322-320BSS,"H-322 Series Pull - Satin Nickel, Chrome Finished",Brushed Nickel BSS,https://eurofitcanada.com/products/h322,CATALOGUE_WEBSITE_DIMENSION_CONFLICT
H-322-416BSS,"H-322 Series Pull - Satin Nickel, Chrome Finished",Brushed Nickel BSS,https://eurofitcanada.com/products/h322,CATALOGUE_WEBSITE_DIMENSION_CONFLICT
H-374-128AIH,"H-374 Symphony - Antique Silver, Oil Brush Finish",Antique Silver AIH,https://eurofitcanada.com/products/h374,CATALOGUE_WEBSITE_DIMENSION_CONFLICT
H-374-128ORB,"H-374 Symphony - Antique Silver, Oil Brush Finish",Oil Brush ORB,https://eurofitcanada.com/products/h374,CATALOGUE_WEBSITE_DIMENSION_CONFLICT
H-468-128BSS,H-468 Passion - Satin Nickel Finish,Satin Nickel,https://eurofitcanada.com/products/h-468,CATALOGUE_WEBSITE_DIMENSION_CONFLICT
H-502-128BSS,"H-502 Series -  Square, 304 Stainless Steel - Satin Nickel, Chrome Finish",Brushed Nickel BSS,https://eurofitcanada.com/products/h502,CATALOGUE_WEBSITE_DIMENSION_CONFLICT
H-502-128CP,"H-502 Series -  Square, 304 Stainless Steel - Satin Nickel, Chrome Finish",Chrome CP,https://eurofitcanada.com/products/h502,CATALOGUE_WEBSITE_DIMENSION_CONFLICT
H-502-160BSS,"H-502 Series -  Square, 304 Stainless Steel - Satin Nickel, Chrome Finish",Brushed Nickel BSS,https://eurofitcanada.com/products/h502,CATALOGUE_WEBSITE_DIMENSION_CONFLICT
H-502-160CP,"H-502 Series -  Square, 304 Stainless Steel - Satin Nickel, Chrome Finish",Chrome CP,https://eurofitcanada.com/products/h502,CATALOGUE_WEBSITE_DIMENSION_CONFLICT
H-502-224BSS,"H-502 Series -  Square, 304 Stainless Steel - Satin Nickel, Chrome Finish",Brushed Nickel BSS,https://eurofitcanada.com/products/h502,CATALOGUE_WEBSITE_DIMENSION_CONFLICT
H-502-224CP,"H-502 Series -  Square, 304 Stainless Steel - Satin Nickel, Chrome Finish",Chrome CP,https://eurofitcanada.com/products/h502,CATALOGUE_WEBSITE_DIMENSION_CONFLICT
H-502-320BSS,"H-502 Series -  Square, 304 Stainless Steel - Satin Nickel, Chrome Finish",Brushed Nickel BSS,https://eurofitcanada.com/products/h502,CATALOGUE_WEBSITE_DIMENSION_CONFLICT
H-502-320CP,"H-502 Series -  Square, 304 Stainless Steel - Satin Nickel, Chrome Finish",Chrome CP,https://eurofitcanada.com/products/h502,CATALOGUE_WEBSITE_DIMENSION_CONFLICT
H-502-416BSS,"H-502 Series -  Square, 304 Stainless Steel - Satin Nickel, Chrome Finish",Brushed Nickel BSS,https://eurofitcanada.com/products/h502,CATALOGUE_WEBSITE_DIMENSION_CONFLICT
H-502-416CP,"H-502 Series -  Square, 304 Stainless Steel - Satin Nickel, Chrome Finish",Chrome CP,https://eurofitcanada.com/products/h502,CATALOGUE_WEBSITE_DIMENSION_CONFLICT
H-502-608BSS,"H-502 Series -  Square, 304 Stainless Steel - Satin Nickel, Chrome Finish",Brushed Nickel BSS,https://eurofitcanada.com/products/h502,CATALOGUE_WEBSITE_DIMENSION_CONFLICT
H-502-608CP,"H-502 Series -  Square, 304 Stainless Steel - Satin Nickel, Chrome Finish",Chrome CP,https://eurofitcanada.com/products/h502,CATALOGUE_WEBSITE_DIMENSION_CONFLICT
H-502-96BSS,"H-502 Series -  Square, 304 Stainless Steel - Satin Nickel, Chrome Finish",Brushed Nickel BSS,https://eurofitcanada.com/products/h502,CATALOGUE_WEBSITE_DIMENSION_CONFLICT
H-508B-128,H-508B Series Effective,Satin Nickel,https://eurofitcanada.com/products/h508b,CATALOGUE_WEBSITE_DIMENSION_CONFLICT
H-508B-128BK,H-508B Series Effective,Black,https://eurofitcanada.com/products/h508b,CATALOGUE_WEBSITE_DIMENSION_CONFLICT
H-508B-128RG,H-508B Series Effective,Champagne Gold,https://eurofitcanada.com/products/h508b,CATALOGUE_WEBSITE_DIMENSION_CONFLICT
H-508B-160,H-508B Series Effective,Satin Nickel,https://eurofitcanada.com/products/h508b,CATALOGUE_WEBSITE_DIMENSION_CONFLICT
H-508B-160BK,H-508B Series Effective,Black,https://eurofitcanada.com/products/h508b,CATALOGUE_WEBSITE_DIMENSION_CONFLICT
H-508B-160RG,H-508B Series Effective,Champagne Gold,https://eurofitcanada.com/products/h508b,CATALOGUE_WEBSITE_DIMENSION_CONFLICT
H-508B-224,H-508B Series Effective,Satin Nickel,https://eurofitcanada.com/products/h508b,CATALOGUE_WEBSITE_DIMENSION_CONFLICT
,H-508B Series Effective,Black,https://eurofitcanada.com/products/h508b,CATALOGUE_WEBSITE_DIMENSION_CONFLICT; MISSING_OR_CONFLICTING_SUPPLIER_SKU
,H-508B Series Effective,Champagne Gold,https://eurofitcanada.com/products/h508b,CATALOGUE_WEBSITE_DIMENSION_CONFLICT; MISSING_OR_CONFLICTING_SUPPLIER_SKU
H-508B-320,H-508B Series Effective,Satin Nickel,https://eurofitcanada.com/products/h508b,CATALOGUE_WEBSITE_DIMENSION_CONFLICT
H-508B-320BK,H-508B Series Effective,Black,https://eurofitcanada.com/products/h508b,CATALOGUE_WEBSITE_DIMENSION_CONFLICT
H-508B-320RG,H-508B Series Effective,Champagne Gold,https://eurofitcanada.com/products/h508b,CATALOGUE_WEBSITE_DIMENSION_CONFLICT
H-508B-416,H-508B Series Effective,Satin Nickel,https://eurofitcanada.com/products/h508b,CATALOGUE_WEBSITE_DIMENSION_CONFLICT
H-508B-608,H-508B Series Effective,Satin Nickel,https://eurofitcanada.com/products/h508b,CATALOGUE_WEBSITE_DIMENSION_CONFLICT
H-509-128,H-509 Series Admiration - Satin Nickel Finished,Satin Nickel,https://eurofitcanada.com/products/h509,CATALOGUE_WEBSITE_DIMENSION_CONFLICT
H-509-160,H-509 Series Admiration - Satin Nickel Finished,Satin Nickel,https://eurofitcanada.com/products/h509,CATALOGUE_WEBSITE_DIMENSION_CONFLICT
H-509-224,H-509 Series Admiration - Satin Nickel Finished,Satin Nickel,https://eurofitcanada.com/products/h509,CATALOGUE_WEBSITE_DIMENSION_CONFLICT
H-509-320,H-509 Series Admiration - Satin Nickel Finished,Satin Nickel,https://eurofitcanada.com/products/h509,CATALOGUE_WEBSITE_DIMENSION_CONFLICT
H-509-416,H-509 Series Admiration - Satin Nickel Finished,Satin Nickel,https://eurofitcanada.com/products/h509,CATALOGUE_WEBSITE_DIMENSION_CONFLICT
H-509-480,H-509 Series Admiration - Satin Nickel Finished,Satin Nickel,https://eurofitcanada.com/products/h509,CATALOGUE_WEBSITE_DIMENSION_CONFLICT
H-60304-128ALA,"H-60304  Hidden Handle - Satin Nickel, Aluminum, Brushed Black, Rose gold, Chrome, Black Nickel Finish",Aluminum ALA,https://eurofitcanada.com/products/h-60304,CATALOGUE_WEBSITE_DIMENSION_CONFLICT; INSTALLATION_SECTION_REVIEW_REQUIRED
H-60304-128BBA,"H-60304  Hidden Handle - Satin Nickel, Aluminum, Brushed Black, Rose gold, Chrome, Black Nickel Finish",Brushed Black BBA,https://eurofitcanada.com/products/h-60304,CATALOGUE_WEBSITE_DIMENSION_CONFLICT; INSTALLATION_SECTION_REVIEW_REQUIRED
H-60304-128BK,"H-60304  Hidden Handle - Satin Nickel, Aluminum, Brushed Black, Rose gold, Chrome, Black Nickel Finish",Black BK,https://eurofitcanada.com/products/h-60304,CATALOGUE_WEBSITE_DIMENSION_CONFLICT; INSTALLATION_SECTION_REVIEW_REQUIRED
H-60304-128BSS,"H-60304  Hidden Handle - Satin Nickel, Aluminum, Brushed Black, Rose gold, Chrome, Black Nickel Finish",Brushed Nickel BSS,https://eurofitcanada.com/products/h-60304,CATALOGUE_WEBSITE_DIMENSION_CONFLICT; INSTALLATION_SECTION_REVIEW_REQUIRED
H-60304-128CP,"H-60304  Hidden Handle - Satin Nickel, Aluminum, Brushed Black, Rose gold, Chrome, Black Nickel Finish",Chrome CP,https://eurofitcanada.com/products/h-60304,CATALOGUE_WEBSITE_DIMENSION_CONFLICT; INSTALLATION_SECTION_REVIEW_REQUIRED
H-60304-128RG,"H-60304  Hidden Handle - Satin Nickel, Aluminum, Brushed Black, Rose gold, Chrome, Black Nickel Finish",Rose Gold RG,https://eurofitcanada.com/products/h-60304,CATALOGUE_WEBSITE_DIMENSION_CONFLICT; INSTALLATION_SECTION_REVIEW_REQUIRED
H-60927-128BK,"H-60927 Series Handle/Pull - Satin Nickel, Black, Gold Finish",Black BK,https://eurofitcanada.com/products/copy-of-h-60304-h60927,CATALOGUE_WEBSITE_DIMENSION_CONFLICT
H-60927-128BSS,"H-60927 Series Handle/Pull - Satin Nickel, Black, Gold Finish",Brushed Nickel BSS,https://eurofitcanada.com/products/copy-of-h-60304-h60927,CATALOGUE_WEBSITE_DIMENSION_CONFLICT
H-60927-128GL,"H-60927 Series Handle/Pull - Satin Nickel, Black, Gold Finish",Gold GL,https://eurofitcanada.com/products/copy-of-h-60304-h60927,CATALOGUE_WEBSITE_DIMENSION_CONFLICT
H-60927-192BK,"H-60927 Series Handle/Pull - Satin Nickel, Black, Gold Finish",Black BK,https://eurofitcanada.com/products/copy-of-h-60304-h60927,CATALOGUE_WEBSITE_DIMENSION_CONFLICT
H-60927-192BSS,"H-60927 Series Handle/Pull - Satin Nickel, Black, Gold Finish",Brushed Nickel BSS,https://eurofitcanada.com/products/copy-of-h-60304-h60927,CATALOGUE_WEBSITE_DIMENSION_CONFLICT
H-60927-192GL,"H-60927 Series Handle/Pull - Satin Nickel, Black, Gold Finish",Gold GL,https://eurofitcanada.com/products/copy-of-h-60304-h60927,CATALOGUE_WEBSITE_DIMENSION_CONFLICT
H-60927-320BK,"H-60927 Series Handle/Pull - Satin Nickel, Black, Gold Finish",Black BK,https://eurofitcanada.com/products/copy-of-h-60304-h60927,CATALOGUE_WEBSITE_DIMENSION_CONFLICT
H-60927-320BSS,"H-60927 Series Handle/Pull - Satin Nickel, Black, Gold Finish",Brushed Nickel BSS,https://eurofitcanada.com/products/copy-of-h-60304-h60927,CATALOGUE_WEBSITE_DIMENSION_CONFLICT
H-60927-320GL,"H-60927 Series Handle/Pull - Satin Nickel, Black, Gold Finish",Gold GL,https://eurofitcanada.com/products/copy-of-h-60304-h60927,CATALOGUE_WEBSITE_DIMENSION_CONFLICT
H-61008-128BSS,"H-61008 Handle/Pull - Satin Nickel, Matt Black Chrome Finish",Brushed Nickel BSS,https://eurofitcanada.com/products/h61008,CATALOGUE_WEBSITE_DIMENSION_CONFLICT
H-61008-128MBC,"H-61008 Handle/Pull - Satin Nickel, Matt Black Chrome Finish",Matt Black Chrome MBC,https://eurofitcanada.com/products/h61008,CATALOGUE_WEBSITE_DIMENSION_CONFLICT
H-61159-96BK,"H-61159 Series Whimsical - Satin Nickel, Chrome, Black, Rose gold, Oil Brush, Matt Black Finish",Black BK,https://eurofitcanada.com/products/h-61159-brush-nickel-chrome-rose-gold-black,CATALOGUE_WEBSITE_DIMENSION_CONFLICT
H-61159-96BSS,"H-61159 Series Whimsical - Satin Nickel, Chrome, Black, Rose gold, Oil Brush, Matt Black Finish",Brushed Nickel BSS,https://eurofitcanada.com/products/h-61159-brush-nickel-chrome-rose-gold-black,CATALOGUE_WEBSITE_DIMENSION_CONFLICT
H-61159-96PC,"H-61159 Series Whimsical - Satin Nickel, Chrome, Black, Rose gold, Oil Brush, Matt Black Finish",Chrome CP,https://eurofitcanada.com/products/h-61159-brush-nickel-chrome-rose-gold-black,CATALOGUE_WEBSITE_DIMENSION_CONFLICT
H-61159-96SB,"H-61159 Series Whimsical - Satin Nickel, Chrome, Black, Rose gold, Oil Brush, Matt Black Finish",Rose Gold SB,https://eurofitcanada.com/products/h-61159-brush-nickel-chrome-rose-gold-black,CATALOGUE_WEBSITE_DIMENSION_CONFLICT
H-61159-128BK,"H-61159 Series Whimsical - Satin Nickel, Chrome, Black, Rose gold, Oil Brush, Matt Black Finish",Black BK,https://eurofitcanada.com/products/h-61159-brush-nickel-chrome-rose-gold-black,CATALOGUE_WEBSITE_DIMENSION_CONFLICT
H-61159-128BSS,"H-61159 Series Whimsical - Satin Nickel, Chrome, Black, Rose gold, Oil Brush, Matt Black Finish",Brushed Nickel BSS,https://eurofitcanada.com/products/h-61159-brush-nickel-chrome-rose-gold-black,CATALOGUE_WEBSITE_DIMENSION_CONFLICT
H-61159-128CP,"H-61159 Series Whimsical - Satin Nickel, Chrome, Black, Rose gold, Oil Brush, Matt Black Finish",Chrome CP,https://eurofitcanada.com/products/h-61159-brush-nickel-chrome-rose-gold-black,CATALOGUE_WEBSITE_DIMENSION_CONFLICT
H-61159-128SB,"H-61159 Series Whimsical - Satin Nickel, Chrome, Black, Rose gold, Oil Brush, Matt Black Finish",Rose Gold SB,https://eurofitcanada.com/products/h-61159-brush-nickel-chrome-rose-gold-black,CATALOGUE_WEBSITE_DIMENSION_CONFLICT
H-61159-128ORB,"H-61159 Series Whimsical - Satin Nickel, Chrome, Black, Rose gold, Oil Brush, Matt Black Finish",Oil Brush ORB,https://eurofitcanada.com/products/h-61159-brush-nickel-chrome-rose-gold-black,CATALOGUE_WEBSITE_DIMENSION_CONFLICT
,"H-61159 Series Whimsical - Satin Nickel, Chrome, Black, Rose gold, Oil Brush, Matt Black Finish",Matt Black BW,https://eurofitcanada.com/products/h-61159-brush-nickel-chrome-rose-gold-black,CATALOGUE_WEBSITE_DIMENSION_CONFLICT; MISSING_OR_CONFLICTING_SUPPLIER_SKU
H-61159-160BK,"H-61159 Series Whimsical - Satin Nickel, Chrome, Black, Rose gold, Oil Brush, Matt Black Finish",Black BK,https://eurofitcanada.com/products/h-61159-brush-nickel-chrome-rose-gold-black,CATALOGUE_WEBSITE_DIMENSION_CONFLICT
H-61159-160BSS,"H-61159 Series Whimsical - Satin Nickel, Chrome, Black, Rose gold, Oil Brush, Matt Black Finish",Brushed Nickel BSS,https://eurofitcanada.com/products/h-61159-brush-nickel-chrome-rose-gold-black,CATALOGUE_WEBSITE_DIMENSION_CONFLICT
H-61159-160CP,"H-61159 Series Whimsical - Satin Nickel, Chrome, Black, Rose gold, Oil Brush, Matt Black Finish",Chrome CP,https://eurofitcanada.com/products/h-61159-brush-nickel-chrome-rose-gold-black,CATALOGUE_WEBSITE_DIMENSION_CONFLICT
H-61159-160SB,"H-61159 Series Whimsical - Satin Nickel, Chrome, Black, Rose gold, Oil Brush, Matt Black Finish",Rose Gold SB,https://eurofitcanada.com/products/h-61159-brush-nickel-chrome-rose-gold-black,CATALOGUE_WEBSITE_DIMENSION_CONFLICT
H-61159-192BK,"H-61159 Series Whimsical - Satin Nickel, Chrome, Black, Rose gold, Oil Brush, Matt Black Finish",Black BK,https://eurofitcanada.com/products/h-61159-brush-nickel-chrome-rose-gold-black,CATALOGUE_WEBSITE_DIMENSION_CONFLICT
H-61159-192BSS,"H-61159 Series Whimsical - Satin Nickel, Chrome, Black, Rose gold, Oil Brush, Matt Black Finish",Brushed Nickel BSS,https://eurofitcanada.com/products/h-61159-brush-nickel-chrome-rose-gold-black,CATALOGUE_WEBSITE_DIMENSION_CONFLICT
H-61159-192CP,"H-61159 Series Whimsical - Satin Nickel, Chrome, Black, Rose gold, Oil Brush, Matt Black Finish",Chrome CP,https://eurofitcanada.com/products/h-61159-brush-nickel-chrome-rose-gold-black,CATALOGUE_WEBSITE_DIMENSION_CONFLICT
H-61159-192SB,"H-61159 Series Whimsical - Satin Nickel, Chrome, Black, Rose gold, Oil Brush, Matt Black Finish",Rose Gold SB,https://eurofitcanada.com/products/h-61159-brush-nickel-chrome-rose-gold-black,CATALOGUE_WEBSITE_DIMENSION_CONFLICT
H-61159-192ORB,"H-61159 Series Whimsical - Satin Nickel, Chrome, Black, Rose gold, Oil Brush, Matt Black Finish",Oil Brush ORB,https://eurofitcanada.com/products/h-61159-brush-nickel-chrome-rose-gold-black,CATALOGUE_WEBSITE_DIMENSION_CONFLICT
H-61159-224BK,"H-61159 Series Whimsical - Satin Nickel, Chrome, Black, Rose gold, Oil Brush, Matt Black Finish",Black BK,https://eurofitcanada.com/products/h-61159-brush-nickel-chrome-rose-gold-black,CATALOGUE_WEBSITE_DIMENSION_CONFLICT
H-61159-224BSS,"H-61159 Series Whimsical - Satin Nickel, Chrome, Black, Rose gold, Oil Brush, Matt Black Finish",Brushed Nickel BSS,https://eurofitcanada.com/products/h-61159-brush-nickel-chrome-rose-gold-black,CATALOGUE_WEBSITE_DIMENSION_CONFLICT
H-61159-224PC,"H-61159 Series Whimsical - Satin Nickel, Chrome, Black, Rose gold, Oil Brush, Matt Black Finish",Chrome CP,https://eurofitcanada.com/products/h-61159-brush-nickel-chrome-rose-gold-black,CATALOGUE_WEBSITE_DIMENSION_CONFLICT
H-61159-224SB,"H-61159 Series Whimsical - Satin Nickel, Chrome, Black, Rose gold, Oil Brush, Matt Black Finish",Rose Gold SB,https://eurofitcanada.com/products/h-61159-brush-nickel-chrome-rose-gold-black,CATALOGUE_WEBSITE_DIMENSION_CONFLICT
H-61159-320BK,"H-61159 Series Whimsical - Satin Nickel, Chrome, Black, Rose gold, Oil Brush, Matt Black Finish",Black BK,https://eurofitcanada.com/products/h-61159-brush-nickel-chrome-rose-gold-black,CATALOGUE_WEBSITE_DIMENSION_CONFLICT
H-61159-320BSS,"H-61159 Series Whimsical - Satin Nickel, Chrome, Black, Rose gold, Oil Brush, Matt Black Finish",Brushed Nickel BSS,https://eurofitcanada.com/products/h-61159-brush-nickel-chrome-rose-gold-black,CATALOGUE_WEBSITE_DIMENSION_CONFLICT
H-61159-320CP,"H-61159 Series Whimsical - Satin Nickel, Chrome, Black, Rose gold, Oil Brush, Matt Black Finish",Chrome CP,https://eurofitcanada.com/products/h-61159-brush-nickel-chrome-rose-gold-black,CATALOGUE_WEBSITE_DIMENSION_CONFLICT
H-61159-320SB,"H-61159 Series Whimsical - Satin Nickel, Chrome, Black, Rose gold, Oil Brush, Matt Black Finish",Rose Gold SB,https://eurofitcanada.com/products/h-61159-brush-nickel-chrome-rose-gold-black,CATALOGUE_WEBSITE_DIMENSION_CONFLICT
H-61159-320ORB,"H-61159 Series Whimsical - Satin Nickel, Chrome, Black, Rose gold, Oil Brush, Matt Black Finish",Oil Brush ORB,https://eurofitcanada.com/products/h-61159-brush-nickel-chrome-rose-gold-black,CATALOGUE_WEBSITE_DIMENSION_CONFLICT
H-61367-128BSS,"H-61367 Series Motif - Satin Nickel, Matt Black Chrome Finish",Brushed Nickel BSS,https://eurofitcanada.com/products/h-61367,CATALOGUE_WEBSITE_DIMENSION_CONFLICT
H-61367-128MBC,"H-61367 Series Motif - Satin Nickel, Matt Black Chrome Finish",Matt Black Chrome MBC,https://eurofitcanada.com/products/h-61367,CATALOGUE_WEBSITE_DIMENSION_CONFLICT
H-61367-160BSS,"H-61367 Series Motif - Satin Nickel, Matt Black Chrome Finish",Brushed Nickel BSS,https://eurofitcanada.com/products/h-61367,CATALOGUE_WEBSITE_DIMENSION_CONFLICT
H-61511-128BK,"H-61511 Series - Satin Nickel, Black, Rose gold Finish",Black BK,https://eurofitcanada.com/products/h-61511-series-satin-nickel-black-rose-gold-finish,MISSING_WIDTH
H-61511-128BSS,"H-61511 Series - Satin Nickel, Black, Rose gold Finish",Brushed Nickel BSS,https://eurofitcanada.com/products/h-61511-series-satin-nickel-black-rose-gold-finish,MISSING_WIDTH
H-61511-128SB,"H-61511 Series - Satin Nickel, Black, Rose gold Finish",Rose Gold SB,https://eurofitcanada.com/products/h-61511-series-satin-nickel-black-rose-gold-finish,MISSING_WIDTH
H-61511-160BK,"H-61511 Series - Satin Nickel, Black, Rose gold Finish",Black BK,https://eurofitcanada.com/products/h-61511-series-satin-nickel-black-rose-gold-finish,MISSING_WIDTH
H-61511-160BSS,"H-61511 Series - Satin Nickel, Black, Rose gold Finish",Brushed Nickel BSS,https://eurofitcanada.com/products/h-61511-series-satin-nickel-black-rose-gold-finish,MISSING_WIDTH
H-61511-160SB,"H-61511 Series - Satin Nickel, Black, Rose gold Finish",Rose Gold SB,https://eurofitcanada.com/products/h-61511-series-satin-nickel-black-rose-gold-finish,MISSING_WIDTH
H-61511-224BK,"H-61511 Series - Satin Nickel, Black, Rose gold Finish",Black BK,https://eurofitcanada.com/products/h-61511-series-satin-nickel-black-rose-gold-finish,MISSING_WIDTH
H-61511-224BSS,"H-61511 Series - Satin Nickel, Black, Rose gold Finish",Brushed Nickel BSS,https://eurofitcanada.com/products/h-61511-series-satin-nickel-black-rose-gold-finish,MISSING_WIDTH
H-61511-224SB,"H-61511 Series - Satin Nickel, Black, Rose gold Finish",Rose Gold SB,https://eurofitcanada.com/products/h-61511-series-satin-nickel-black-rose-gold-finish,MISSING_WIDTH
H-61702-128ORB,H-61702 Handle/Pull - Oil Brushed Finish,Antique Oil Brushed,https://eurofitcanada.com/products/h-61702,CATALOGUE_WEBSITE_DIMENSION_CONFLICT
H-61702-160ORB,H-61702 Handle/Pull - Oil Brushed Finish,Antique Oil Brushed,https://eurofitcanada.com/products/h-61702,CATALOGUE_WEBSITE_DIMENSION_CONFLICT
H-61702-192ORB,H-61702 Handle/Pull - Oil Brushed Finish,Antique Oil Brushed,https://eurofitcanada.com/products/h-61702,CATALOGUE_WEBSITE_DIMENSION_CONFLICT
H-61724-128BK,"H-61724 Handle - Black, Satin Nickel, Chrome, Rose Gold Finish",Black BK,https://eurofitcanada.com/products/h-61724-handle-black-satin-nickel-chrome-rose-gold-finish,CATALOGUE_WEBSITE_DIMENSION_CONFLICT
H-61724-128BSS,"H-61724 Handle - Black, Satin Nickel, Chrome, Rose Gold Finish",Brushed Nickel BSS,https://eurofitcanada.com/products/h-61724-handle-black-satin-nickel-chrome-rose-gold-finish,CATALOGUE_WEBSITE_DIMENSION_CONFLICT
H-61724-128PC,"H-61724 Handle - Black, Satin Nickel, Chrome, Rose Gold Finish",Chrome CP,https://eurofitcanada.com/products/h-61724-handle-black-satin-nickel-chrome-rose-gold-finish,CATALOGUE_WEBSITE_DIMENSION_CONFLICT
H-61724-128SB,"H-61724 Handle - Black, Satin Nickel, Chrome, Rose Gold Finish",Rose Gold SB,https://eurofitcanada.com/products/h-61724-handle-black-satin-nickel-chrome-rose-gold-finish,CATALOGUE_WEBSITE_DIMENSION_CONFLICT
H-61724-160BK,"H-61724 Handle - Black, Satin Nickel, Chrome, Rose Gold Finish",Black BK,https://eurofitcanada.com/products/h-61724-handle-black-satin-nickel-chrome-rose-gold-finish,CATALOGUE_WEBSITE_DIMENSION_CONFLICT
H-61724-160BSS,"H-61724 Handle - Black, Satin Nickel, Chrome, Rose Gold Finish",Brushed Nickel BSS,https://eurofitcanada.com/products/h-61724-handle-black-satin-nickel-chrome-rose-gold-finish,CATALOGUE_WEBSITE_DIMENSION_CONFLICT
H-61724-160PC,"H-61724 Handle - Black, Satin Nickel, Chrome, Rose Gold Finish",Chrome CP,https://eurofitcanada.com/products/h-61724-handle-black-satin-nickel-chrome-rose-gold-finish,CATALOGUE_WEBSITE_DIMENSION_CONFLICT
H-61724-160SB,"H-61724 Handle - Black, Satin Nickel, Chrome, Rose Gold Finish",Rose Gold SB,https://eurofitcanada.com/products/h-61724-handle-black-satin-nickel-chrome-rose-gold-finish,CATALOGUE_WEBSITE_DIMENSION_CONFLICT
H-61724-224BK,"H-61724 Handle - Black, Satin Nickel, Chrome, Rose Gold Finish",Black BK,https://eurofitcanada.com/products/h-61724-handle-black-satin-nickel-chrome-rose-gold-finish,CATALOGUE_WEBSITE_DIMENSION_CONFLICT
H-61724-224BSS,"H-61724 Handle - Black, Satin Nickel, Chrome, Rose Gold Finish",Brushed Nickel BSS,https://eurofitcanada.com/products/h-61724-handle-black-satin-nickel-chrome-rose-gold-finish,CATALOGUE_WEBSITE_DIMENSION_CONFLICT
H-61724-224PC,"H-61724 Handle - Black, Satin Nickel, Chrome, Rose Gold Finish",Chrome CP,https://eurofitcanada.com/products/h-61724-handle-black-satin-nickel-chrome-rose-gold-finish,CATALOGUE_WEBSITE_DIMENSION_CONFLICT
H-61724-224SB,"H-61724 Handle - Black, Satin Nickel, Chrome, Rose Gold Finish",Rose Gold SB,https://eurofitcanada.com/products/h-61724-handle-black-satin-nickel-chrome-rose-gold-finish,CATALOGUE_WEBSITE_DIMENSION_CONFLICT
H-61724-320BK,"H-61724 Handle - Black, Satin Nickel, Chrome, Rose Gold Finish",Black BK,https://eurofitcanada.com/products/h-61724-handle-black-satin-nickel-chrome-rose-gold-finish,CATALOGUE_WEBSITE_DIMENSION_CONFLICT
H-61724-320BSS,"H-61724 Handle - Black, Satin Nickel, Chrome, Rose Gold Finish",Brushed Nickel BSS,https://eurofitcanada.com/products/h-61724-handle-black-satin-nickel-chrome-rose-gold-finish,CATALOGUE_WEBSITE_DIMENSION_CONFLICT
H-61724-320PC,"H-61724 Handle - Black, Satin Nickel, Chrome, Rose Gold Finish",Chrome CP,https://eurofitcanada.com/products/h-61724-handle-black-satin-nickel-chrome-rose-gold-finish,CATALOGUE_WEBSITE_DIMENSION_CONFLICT
H-61724-320SB,"H-61724 Handle - Black, Satin Nickel, Chrome, Rose Gold Finish",Rose Gold SB,https://eurofitcanada.com/products/h-61724-handle-black-satin-nickel-chrome-rose-gold-finish,CATALOGUE_WEBSITE_DIMENSION_CONFLICT
,"H-62027 Series Metropolitan - Satin Nickel, Black, Champagne Gold Finish",Champagne Gold,https://eurofitcanada.com/products/h62027,MISSING_OR_CONFLICTING_SUPPLIER_SKU
,"H-62027 Series Metropolitan - Satin Nickel, Black, Champagne Gold Finish",Champagne Gold,https://eurofitcanada.com/products/h62027,MISSING_OR_CONFLICTING_SUPPLIER_SKU
H-62204-256BSS,H-62204 Series Handle/Pull - Satin Nickel Finish,Satin Nickel with Chrome Ends,https://eurofitcanada.com/products/h62204,MOUNTING_SPACING_NOT_INSIDE_ENVELOPE
H-62670-160BSS,H-62670 Handle/Pull - Satin Nickel Finish,Satin Nickel,https://eurofitcanada.com/products/h62670,CATALOGUE_WEBSITE_DIMENSION_CONFLICT
H-64203-160BSS,H-64203  DIMENSION - Satin Nickel Finish,Satin Nickel,https://eurofitcanada.com/products/h64203,CATALOGUE_WEBSITE_DIMENSION_CONFLICT
H-64203-320BSS,H-64203  DIMENSION - Satin Nickel Finish,Satin Nickel,https://eurofitcanada.com/products/h64203,CATALOGUE_WEBSITE_DIMENSION_CONFLICT
H-64520-160BSS,H-64520   Handle/Pull - Satin Nickel Finish,Satin Nickel,https://eurofitcanada.com/products/h-64520,CATALOGUE_WEBSITE_DIMENSION_CONFLICT
H-64520-320BSS,H-64520   Handle/Pull - Satin Nickel Finish,Satin Nickel,https://eurofitcanada.com/products/h-64520,CATALOGUE_WEBSITE_DIMENSION_CONFLICT
H-65212-128BSS,"H-65212 Handle/Pull - Black Nickel, Chrome, Brushed Nickel, Rose Gold, Grey Pearl",Brushed Nickel BSS,https://eurofitcanada.com/products/h65212,CATALOGUE_WEBSITE_DIMENSION_CONFLICT
H-65212-128RG,"H-65212 Handle/Pull - Black Nickel, Chrome, Brushed Nickel, Rose Gold, Grey Pearl",Rose Gold RG,https://eurofitcanada.com/products/h65212,CATALOGUE_WEBSITE_DIMENSION_CONFLICT
H-65212-128BK,"H-65212 Handle/Pull - Black Nickel, Chrome, Brushed Nickel, Rose Gold, Grey Pearl",Black BK,https://eurofitcanada.com/products/h65212,CATALOGUE_WEBSITE_DIMENSION_CONFLICT
H-65212-128CP,"H-65212 Handle/Pull - Black Nickel, Chrome, Brushed Nickel, Rose Gold, Grey Pearl",Chrome CP,https://eurofitcanada.com/products/h65212,CATALOGUE_WEBSITE_DIMENSION_CONFLICT
H-65212-128PY,"H-65212 Handle/Pull - Black Nickel, Chrome, Brushed Nickel, Rose Gold, Grey Pearl",Pearl Grey PY,https://eurofitcanada.com/products/h65212,CATALOGUE_WEBSITE_DIMENSION_CONFLICT
H-65212-160BSS,"H-65212 Handle/Pull - Black Nickel, Chrome, Brushed Nickel, Rose Gold, Grey Pearl",Brushed Nickel BSS,https://eurofitcanada.com/products/h65212,CATALOGUE_WEBSITE_DIMENSION_CONFLICT
H-65212-160RG,"H-65212 Handle/Pull - Black Nickel, Chrome, Brushed Nickel, Rose Gold, Grey Pearl",Rose Gold RG,https://eurofitcanada.com/products/h65212,CATALOGUE_WEBSITE_DIMENSION_CONFLICT
H-65212-160BK,"H-65212 Handle/Pull - Black Nickel, Chrome, Brushed Nickel, Rose Gold, Grey Pearl",Black BK,https://eurofitcanada.com/products/h65212,CATALOGUE_WEBSITE_DIMENSION_CONFLICT
H-65212-160CP,"H-65212 Handle/Pull - Black Nickel, Chrome, Brushed Nickel, Rose Gold, Grey Pearl",Chrome CP,https://eurofitcanada.com/products/h65212,CATALOGUE_WEBSITE_DIMENSION_CONFLICT
H-65212-160PY,"H-65212 Handle/Pull - Black Nickel, Chrome, Brushed Nickel, Rose Gold, Grey Pearl",Pearl Grey PY,https://eurofitcanada.com/products/h65212,CATALOGUE_WEBSITE_DIMENSION_CONFLICT
H-65212-256BSS,"H-65212 Handle/Pull - Black Nickel, Chrome, Brushed Nickel, Rose Gold, Grey Pearl",Brushed Nickel BSS,https://eurofitcanada.com/products/h65212,CATALOGUE_WEBSITE_DIMENSION_CONFLICT
H-65212-256RG,"H-65212 Handle/Pull - Black Nickel, Chrome, Brushed Nickel, Rose Gold, Grey Pearl",Rose Gold RG,https://eurofitcanada.com/products/h65212,CATALOGUE_WEBSITE_DIMENSION_CONFLICT
H-65212-256BK,"H-65212 Handle/Pull - Black Nickel, Chrome, Brushed Nickel, Rose Gold, Grey Pearl",Black BK,https://eurofitcanada.com/products/h65212,CATALOGUE_WEBSITE_DIMENSION_CONFLICT
H-65212-256CP,"H-65212 Handle/Pull - Black Nickel, Chrome, Brushed Nickel, Rose Gold, Grey Pearl",Chrome CP,https://eurofitcanada.com/products/h65212,CATALOGUE_WEBSITE_DIMENSION_CONFLICT
H-65212-256PY,"H-65212 Handle/Pull - Black Nickel, Chrome, Brushed Nickel, Rose Gold, Grey Pearl",Pearl Grey PY,https://eurofitcanada.com/products/h65212,CATALOGUE_WEBSITE_DIMENSION_CONFLICT
H-65458-128BSS,"H-65458 Series Handle/Pull - Black, Brushed Nickel, Chrome, Rose Gold, Pearl Grey",Brushed Nickel BSS,https://eurofitcanada.com/products/h35485,CATALOGUE_WEBSITE_DIMENSION_CONFLICT
H-65458-128RG,"H-65458 Series Handle/Pull - Black, Brushed Nickel, Chrome, Rose Gold, Pearl Grey",Rose Gold RG,https://eurofitcanada.com/products/h35485,CATALOGUE_WEBSITE_DIMENSION_CONFLICT
H-65458-128BK,"H-65458 Series Handle/Pull - Black, Brushed Nickel, Chrome, Rose Gold, Pearl Grey",Black BK,https://eurofitcanada.com/products/h35485,CATALOGUE_WEBSITE_DIMENSION_CONFLICT
H-65458-128CP,"H-65458 Series Handle/Pull - Black, Brushed Nickel, Chrome, Rose Gold, Pearl Grey",Chrome CP,https://eurofitcanada.com/products/h35485,CATALOGUE_WEBSITE_DIMENSION_CONFLICT
H-65458-128PY,"H-65458 Series Handle/Pull - Black, Brushed Nickel, Chrome, Rose Gold, Pearl Grey",Pearl Grey PY,https://eurofitcanada.com/products/h35485,CATALOGUE_WEBSITE_DIMENSION_CONFLICT
H-65458-192BSS,"H-65458 Series Handle/Pull - Black, Brushed Nickel, Chrome, Rose Gold, Pearl Grey",Brushed Nickel BSS,https://eurofitcanada.com/products/h35485,CATALOGUE_WEBSITE_DIMENSION_CONFLICT
H-65458-192RG,"H-65458 Series Handle/Pull - Black, Brushed Nickel, Chrome, Rose Gold, Pearl Grey",Rose Gold RG,https://eurofitcanada.com/products/h35485,CATALOGUE_WEBSITE_DIMENSION_CONFLICT
H-65458-192BK,"H-65458 Series Handle/Pull - Black, Brushed Nickel, Chrome, Rose Gold, Pearl Grey",Black BK,https://eurofitcanada.com/products/h35485,CATALOGUE_WEBSITE_DIMENSION_CONFLICT
H-65458-192CP,"H-65458 Series Handle/Pull - Black, Brushed Nickel, Chrome, Rose Gold, Pearl Grey",Chrome CP,https://eurofitcanada.com/products/h35485,CATALOGUE_WEBSITE_DIMENSION_CONFLICT
H-65458-192PY,"H-65458 Series Handle/Pull - Black, Brushed Nickel, Chrome, Rose Gold, Pearl Grey",Pearl Grey PY,https://eurofitcanada.com/products/h35485,CATALOGUE_WEBSITE_DIMENSION_CONFLICT
H-65458-320BSS,"H-65458 Series Handle/Pull - Black, Brushed Nickel, Chrome, Rose Gold, Pearl Grey",Brushed Nickel BSS,https://eurofitcanada.com/products/h35485,CATALOGUE_WEBSITE_DIMENSION_CONFLICT
H-65458-320RG,"H-65458 Series Handle/Pull - Black, Brushed Nickel, Chrome, Rose Gold, Pearl Grey",Rose Gold RG,https://eurofitcanada.com/products/h35485,CATALOGUE_WEBSITE_DIMENSION_CONFLICT
H-65458-320BK,"H-65458 Series Handle/Pull - Black, Brushed Nickel, Chrome, Rose Gold, Pearl Grey",Black BK,https://eurofitcanada.com/products/h35485,CATALOGUE_WEBSITE_DIMENSION_CONFLICT
H-65458-320CP,"H-65458 Series Handle/Pull - Black, Brushed Nickel, Chrome, Rose Gold, Pearl Grey",Chrome CP,https://eurofitcanada.com/products/h35485,CATALOGUE_WEBSITE_DIMENSION_CONFLICT
H-65458-320PY,"H-65458 Series Handle/Pull - Black, Brushed Nickel, Chrome, Rose Gold, Pearl Grey",Pearl Grey PY,https://eurofitcanada.com/products/h35485,CATALOGUE_WEBSITE_DIMENSION_CONFLICT
H-65717-128BSS,"H-65717 Handle/Pull - Satin Nickel, Black",Brushed Nickel BSS,https://eurofitcanada.com/products/h65717,CATALOGUE_WEBSITE_DIMENSION_CONFLICT
H-65717-128BK,"H-65717 Handle/Pull - Satin Nickel, Black",Black BK,https://eurofitcanada.com/products/h65717,CATALOGUE_WEBSITE_DIMENSION_CONFLICT
H-65717-160BSS,"H-65717 Handle/Pull - Satin Nickel, Black",Brushed Nickel BSS,https://eurofitcanada.com/products/h65717,CATALOGUE_WEBSITE_DIMENSION_CONFLICT
H-65717-160BK,"H-65717 Handle/Pull - Satin Nickel, Black",Black BK,https://eurofitcanada.com/products/h65717,CATALOGUE_WEBSITE_DIMENSION_CONFLICT
H-65717-192BSS,"H-65717 Handle/Pull - Satin Nickel, Black",Brushed Nickel BSS,https://eurofitcanada.com/products/h65717,CATALOGUE_WEBSITE_DIMENSION_CONFLICT
H-65717-192BK,"H-65717 Handle/Pull - Satin Nickel, Black",Black BK,https://eurofitcanada.com/products/h65717,CATALOGUE_WEBSITE_DIMENSION_CONFLICT
H-65717-224BSS,"H-65717 Handle/Pull - Satin Nickel, Black",Brushed Nickel BSS,https://eurofitcanada.com/products/h65717,CATALOGUE_WEBSITE_DIMENSION_CONFLICT
H-65717-224BK,"H-65717 Handle/Pull - Satin Nickel, Black",Black BK,https://eurofitcanada.com/products/h65717,CATALOGUE_WEBSITE_DIMENSION_CONFLICT
H-65717-320BSS,"H-65717 Handle/Pull - Satin Nickel, Black",Brushed Nickel BSS,https://eurofitcanada.com/products/h65717,CATALOGUE_WEBSITE_DIMENSION_CONFLICT
H-65717-320BK,"H-65717 Handle/Pull - Satin Nickel, Black",Black BK,https://eurofitcanada.com/products/h65717,CATALOGUE_WEBSITE_DIMENSION_CONFLICT
H-65718-128BSS,"H-65718  Handle/Pull - Satin Nickel, Black Finish",Brushed Nickel BSS,https://eurofitcanada.com/products/h65718,CATALOGUE_WEBSITE_DIMENSION_CONFLICT
H-65718-128BK,"H-65718  Handle/Pull - Satin Nickel, Black Finish",Black BK,https://eurofitcanada.com/products/h65718,CATALOGUE_WEBSITE_DIMENSION_CONFLICT
H-65718-160BSS,"H-65718  Handle/Pull - Satin Nickel, Black Finish",Brushed Nickel BSS,https://eurofitcanada.com/products/h65718,CATALOGUE_WEBSITE_DIMENSION_CONFLICT
H-65718-160BK,"H-65718  Handle/Pull - Satin Nickel, Black Finish",Black BK,https://eurofitcanada.com/products/h65718,CATALOGUE_WEBSITE_DIMENSION_CONFLICT
H-65718-192BSS,"H-65718  Handle/Pull - Satin Nickel, Black Finish",Brushed Nickel BSS,https://eurofitcanada.com/products/h65718,CATALOGUE_WEBSITE_DIMENSION_CONFLICT
H-65718-192BK,"H-65718  Handle/Pull - Satin Nickel, Black Finish",Black BK,https://eurofitcanada.com/products/h65718,CATALOGUE_WEBSITE_DIMENSION_CONFLICT
H-65718-224BSS,"H-65718  Handle/Pull - Satin Nickel, Black Finish",Brushed Nickel BSS,https://eurofitcanada.com/products/h65718,CATALOGUE_WEBSITE_DIMENSION_CONFLICT
H-65718-224BK,"H-65718  Handle/Pull - Satin Nickel, Black Finish",Black BK,https://eurofitcanada.com/products/h65718,CATALOGUE_WEBSITE_DIMENSION_CONFLICT
H-65718-320BSS,"H-65718  Handle/Pull - Satin Nickel, Black Finish",Brushed Nickel BSS,https://eurofitcanada.com/products/h65718,CATALOGUE_WEBSITE_DIMENSION_CONFLICT
H-65718-320BK,"H-65718  Handle/Pull - Satin Nickel, Black Finish",Black BK,https://eurofitcanada.com/products/h65718,CATALOGUE_WEBSITE_DIMENSION_CONFLICT
H-65815-128BSS,"H-65815 Handle/Pull - Black Nickel, Brushed Nickel, Chrome, Gold, Pearl Grey Finish",Brushed Nickel BSS,https://eurofitcanada.com/products/h65815,CATALOGUE_WEBSITE_DIMENSION_CONFLICT
H-65815-128BK,"H-65815 Handle/Pull - Black Nickel, Brushed Nickel, Chrome, Gold, Pearl Grey Finish",Black BK,https://eurofitcanada.com/products/h65815,CATALOGUE_WEBSITE_DIMENSION_CONFLICT
H-65815-128CP,"H-65815 Handle/Pull - Black Nickel, Brushed Nickel, Chrome, Gold, Pearl Grey Finish",Chrome CP,https://eurofitcanada.com/products/h65815,CATALOGUE_WEBSITE_DIMENSION_CONFLICT
H-65815-128RG,"H-65815 Handle/Pull - Black Nickel, Brushed Nickel, Chrome, Gold, Pearl Grey Finish",Rose Gold RG,https://eurofitcanada.com/products/h65815,CATALOGUE_WEBSITE_DIMENSION_CONFLICT
H-65815-128PY,"H-65815 Handle/Pull - Black Nickel, Brushed Nickel, Chrome, Gold, Pearl Grey Finish",Pearl Grey PY,https://eurofitcanada.com/products/h65815,CATALOGUE_WEBSITE_DIMENSION_CONFLICT
H-65815-192BSS,"H-65815 Handle/Pull - Black Nickel, Brushed Nickel, Chrome, Gold, Pearl Grey Finish",Brushed Nickel BSS,https://eurofitcanada.com/products/h65815,CATALOGUE_WEBSITE_DIMENSION_CONFLICT
H-65815-192BK,"H-65815 Handle/Pull - Black Nickel, Brushed Nickel, Chrome, Gold, Pearl Grey Finish",Black BK,https://eurofitcanada.com/products/h65815,CATALOGUE_WEBSITE_DIMENSION_CONFLICT
H-65815-192CP,"H-65815 Handle/Pull - Black Nickel, Brushed Nickel, Chrome, Gold, Pearl Grey Finish",Chrome CP,https://eurofitcanada.com/products/h65815,CATALOGUE_WEBSITE_DIMENSION_CONFLICT
H-65815-192RG,"H-65815 Handle/Pull - Black Nickel, Brushed Nickel, Chrome, Gold, Pearl Grey Finish",Rose Gold RG,https://eurofitcanada.com/products/h65815,CATALOGUE_WEBSITE_DIMENSION_CONFLICT
H-65815-192PY,"H-65815 Handle/Pull - Black Nickel, Brushed Nickel, Chrome, Gold, Pearl Grey Finish",Pearl Grey PY,https://eurofitcanada.com/products/h65815,CATALOGUE_WEBSITE_DIMENSION_CONFLICT
H-65815-320BSS,"H-65815 Handle/Pull - Black Nickel, Brushed Nickel, Chrome, Gold, Pearl Grey Finish",Brushed Nickel BSS,https://eurofitcanada.com/products/h65815,CATALOGUE_WEBSITE_DIMENSION_CONFLICT
H-65815-320BK,"H-65815 Handle/Pull - Black Nickel, Brushed Nickel, Chrome, Gold, Pearl Grey Finish",Black BK,https://eurofitcanada.com/products/h65815,CATALOGUE_WEBSITE_DIMENSION_CONFLICT
H-65815-320CP,"H-65815 Handle/Pull - Black Nickel, Brushed Nickel, Chrome, Gold, Pearl Grey Finish",Chrome CP,https://eurofitcanada.com/products/h65815,CATALOGUE_WEBSITE_DIMENSION_CONFLICT
H-65815-320RG,"H-65815 Handle/Pull - Black Nickel, Brushed Nickel, Chrome, Gold, Pearl Grey Finish",Rose Gold RG,https://eurofitcanada.com/products/h65815,CATALOGUE_WEBSITE_DIMENSION_CONFLICT
H-65815-320PY,"H-65815 Handle/Pull - Black Nickel, Brushed Nickel, Chrome, Gold, Pearl Grey Finish",Pearl Grey PY,https://eurofitcanada.com/products/h65815,CATALOGUE_WEBSITE_DIMENSION_CONFLICT
H-67894-40,H-67894 Coordinated - Satin Nickel Finish,Satin Nickel,https://eurofitcanada.com/products/h67894,INSTALLATION_SECTION_REVIEW_REQUIRED; MOUNTING_SPACING_NOT_INSIDE_ENVELOPE
H-67894-136,H-67894 Coordinated - Satin Nickel Finish,Satin Nickel,https://eurofitcanada.com/products/h67894,INSTALLATION_SECTION_REVIEW_REQUIRED; MOUNTING_SPACING_NOT_INSIDE_ENVELOPE
H-67894-168,H-67894 Coordinated - Satin Nickel Finish,Satin Nickel,https://eurofitcanada.com/products/h67894,INSTALLATION_SECTION_REVIEW_REQUIRED; MOUNTING_SPACING_NOT_INSIDE_ENVELOPE
H-67894-286,H-67894 Coordinated - Satin Nickel Finish,Satin Nickel,https://eurofitcanada.com/products/h67894,INSTALLATION_SECTION_REVIEW_REQUIRED; MOUNTING_SPACING_NOT_INSIDE_ENVELOPE
H-67894-400,H-67894 Coordinated - Satin Nickel Finish,Satin Nickel,https://eurofitcanada.com/products/h67894,INSTALLATION_SECTION_REVIEW_REQUIRED; MOUNTING_SPACING_NOT_INSIDE_ENVELOPE
,H-67894 Coordinated - Satin Nickel Finish,Satin Nickel,https://eurofitcanada.com/products/h67894,INSTALLATION_SECTION_REVIEW_REQUIRED; MISSING_OR_CONFLICTING_SUPPLIER_SKU; MOUNTING_SPACING_NOT_INSIDE_ENVELOPE
H-68042-96GL,"H-68042  Delight - Chrome, Gold Finish",Gold GL,https://eurofitcanada.com/products/h68042,DETAILED_PROFILE_REQUIRED
H-68042-160CP,"H-68042  Delight - Chrome, Gold Finish",Chrome CP,https://eurofitcanada.com/products/h68042,DETAILED_PROFILE_REQUIRED; SKU_REUSED_FOR_DIFFERENT_OPTIONS
,"H-68042  Delight - Chrome, Gold Finish",Chrome CP,https://eurofitcanada.com/products/h68042,DETAILED_PROFILE_REQUIRED; MISSING_OR_CONFLICTING_SUPPLIER_SKU; MISSING_OR_UNMAPPED_MOUNTING_SPACING; MISSING_OR_UNMAPPED_OVERALL_LENGTH
H-68042-160CP,"H-68042  Delight - Chrome, Gold Finish",Chrome CP,https://eurofitcanada.com/products/h68042,DETAILED_PROFILE_REQUIRED; SKU_REUSED_FOR_DIFFERENT_OPTIONS
H-68136-96GL,"H-68136  Handle/Pull - Chrome, Gold Finish",Gold GL,https://eurofitcanada.com/products/h68136,DETAILED_PROFILE_REQUIRED; MISSING_OR_UNMAPPED_MOUNTING_SPACING; MISSING_OR_UNMAPPED_OVERALL_LENGTH
H-68136-96CP,"H-68136  Handle/Pull - Chrome, Gold Finish",Chrome CP,https://eurofitcanada.com/products/h68136,DETAILED_PROFILE_REQUIRED; MISSING_OR_UNMAPPED_MOUNTING_SPACING; MISSING_OR_UNMAPPED_OVERALL_LENGTH
H-68136-128GL,"H-68136  Handle/Pull - Chrome, Gold Finish",Gold GL,https://eurofitcanada.com/products/h68136,DETAILED_PROFILE_REQUIRED; MISSING_OR_UNMAPPED_MOUNTING_SPACING; MISSING_OR_UNMAPPED_OVERALL_LENGTH
,"H-68136  Handle/Pull - Chrome, Gold Finish",Gold GL,https://eurofitcanada.com/products/h68136,DETAILED_PROFILE_REQUIRED; MISSING_OR_CONFLICTING_SUPPLIER_SKU; MISSING_OR_UNMAPPED_MOUNTING_SPACING; MISSING_OR_UNMAPPED_OVERALL_LENGTH
H-68137-96GL,H-68137  A Little - Gold Finish,Gold,https://eurofitcanada.com/products/h-68137-a-little-gold-finish,DETAILED_PROFILE_REQUIRED; MISSING_OR_UNMAPPED_MOUNTING_SPACING; MISSING_OR_UNMAPPED_OVERALL_LENGTH
H-68141-160GL,"H-68141 Sparkling - Chrome, Gold Finish",Gold GL,https://eurofitcanada.com/products/h68141,DETAILED_PROFILE_REQUIRED
H-68141-160CP,"H-68141 Sparkling - Chrome, Gold Finish",Chrome CP,https://eurofitcanada.com/products/h68141,DETAILED_PROFILE_REQUIRED
H-68141-192GL,"H-68141 Sparkling - Chrome, Gold Finish",Gold GL,https://eurofitcanada.com/products/h68141,DETAILED_PROFILE_REQUIRED
H-68141-192CP,"H-68141 Sparkling - Chrome, Gold Finish",Chrome CP,https://eurofitcanada.com/products/h68141,DETAILED_PROFILE_REQUIRED
H-68142-192GL,H-68142 Vivid - Gold Finish,Gold,https://eurofitcanada.com/products/h68142,DETAILED_PROFILE_REQUIRED
H-68570-128BK,H-68570 Series,Black,https://eurofitcanada.com/products/h-68570-series,MISSING_WIDTH
H-68570-128RG,H-68570 Series,Brushed Gold,https://eurofitcanada.com/products/h-68570-series,MISSING_WIDTH
H-68570-160BK,H-68570 Series,Black,https://eurofitcanada.com/products/h-68570-series,MISSING_WIDTH
H-68570-160RG,H-68570 Series,Brushed Gold,https://eurofitcanada.com/products/h-68570-series,MISSING_WIDTH
H-68570-192BK,H-68570 Series,Black,https://eurofitcanada.com/products/h-68570-series,MISSING_WIDTH
H-68570-192RG,H-68570 Series,Brushed Gold,https://eurofitcanada.com/products/h-68570-series,MISSING_WIDTH
H-71530-128BSS/B,"H-71530 Handle - Satin Nickel, Chrome Finish",BSS/B Brushed Nickel with Black Strip,https://eurofitcanada.com/products/h71530,CATALOGUE_WEBSITE_DIMENSION_CONFLICT
H-71530-128BSS/W,"H-71530 Handle - Satin Nickel, Chrome Finish",BSS/W Brushed Nickel with White Strip,https://eurofitcanada.com/products/h71530,CATALOGUE_WEBSITE_DIMENSION_CONFLICT
H-71530-128CP/B,"H-71530 Handle - Satin Nickel, Chrome Finish",CP/B Chrome with Black Strip,https://eurofitcanada.com/products/h71530,CATALOGUE_WEBSITE_DIMENSION_CONFLICT
H-71530-128CP/R,"H-71530 Handle - Satin Nickel, Chrome Finish",CP/R Chrome with Red Strip,https://eurofitcanada.com/products/h71530,CATALOGUE_WEBSITE_DIMENSION_CONFLICT
H-71530-128CP/W,"H-71530 Handle - Satin Nickel, Chrome Finish",CP/W Chrome with White Strip,https://eurofitcanada.com/products/h71530,CATALOGUE_WEBSITE_DIMENSION_CONFLICT
H-71726-160BK,H-71726 Handle/Pull - Black Nickel Finish,Black Nickel,https://eurofitcanada.com/products/h71726,MOUNTING_SPACING_NOT_INSIDE_ENVELOPE
H-71852-128BSS,"H-71852 Prestige - Brushed Nickel, Chrome Finish",Brushed Nickel BSS,https://eurofitcanada.com/products/h71852,CATALOGUE_WEBSITE_DIMENSION_CONFLICT
H-71852-128CP,"H-71852 Prestige - Brushed Nickel, Chrome Finish",Chrome CP,https://eurofitcanada.com/products/h71852,CATALOGUE_WEBSITE_DIMENSION_CONFLICT
H-71852-160BSS,"H-71852 Prestige - Brushed Nickel, Chrome Finish",Brushed Nickel BSS,https://eurofitcanada.com/products/h71852,CATALOGUE_WEBSITE_DIMENSION_CONFLICT
H-71852-160CP,"H-71852 Prestige - Brushed Nickel, Chrome Finish",Chrome CP,https://eurofitcanada.com/products/h71852,CATALOGUE_WEBSITE_DIMENSION_CONFLICT
H-71852-224BSS,"H-71852 Prestige - Brushed Nickel, Chrome Finish",Brushed Nickel BSS,https://eurofitcanada.com/products/h71852,CATALOGUE_WEBSITE_DIMENSION_CONFLICT
H-71852-224CP,"H-71852 Prestige - Brushed Nickel, Chrome Finish",Chrome CP,https://eurofitcanada.com/products/h71852,CATALOGUE_WEBSITE_DIMENSION_CONFLICT
H-71989-50BSS,"H-71989  Series Handle/Pull - Brushed Gold, Rose Gold, Brushed Black, Brushed Nickel, Aluminum, Chrome Finish",Brushed Nickel BSS,https://eurofitcanada.com/products/h71989,INSTALLATION_SECTION_REVIEW_REQUIRED
H-71989-50BBA,"H-71989  Series Handle/Pull - Brushed Gold, Rose Gold, Brushed Black, Brushed Nickel, Aluminum, Chrome Finish",Brushed Black BBA,https://eurofitcanada.com/products/h71989,INSTALLATION_SECTION_REVIEW_REQUIRED
H-71989-50CP,"H-71989  Series Handle/Pull - Brushed Gold, Rose Gold, Brushed Black, Brushed Nickel, Aluminum, Chrome Finish",Chrome CP,https://eurofitcanada.com/products/h71989,INSTALLATION_SECTION_REVIEW_REQUIRED
H-71989-50ALA,"H-71989  Series Handle/Pull - Brushed Gold, Rose Gold, Brushed Black, Brushed Nickel, Aluminum, Chrome Finish",Aluminum ALA,https://eurofitcanada.com/products/h71989,INSTALLATION_SECTION_REVIEW_REQUIRED
H-71989-50BGA,"H-71989  Series Handle/Pull - Brushed Gold, Rose Gold, Brushed Black, Brushed Nickel, Aluminum, Chrome Finish",Brushed Gold BGA,https://eurofitcanada.com/products/h71989,INSTALLATION_SECTION_REVIEW_REQUIRED
H-71989-50RG,"H-71989  Series Handle/Pull - Brushed Gold, Rose Gold, Brushed Black, Brushed Nickel, Aluminum, Chrome Finish",Rose Gold RG,https://eurofitcanada.com/products/h71989,INSTALLATION_SECTION_REVIEW_REQUIRED
H-71989-64BSS,"H-71989  Series Handle/Pull - Brushed Gold, Rose Gold, Brushed Black, Brushed Nickel, Aluminum, Chrome Finish",Brushed Nickel BSS,https://eurofitcanada.com/products/h71989,INSTALLATION_SECTION_REVIEW_REQUIRED
H-71989-80BSS,"H-71989  Series Handle/Pull - Brushed Gold, Rose Gold, Brushed Black, Brushed Nickel, Aluminum, Chrome Finish",Brushed Nickel BSS,https://eurofitcanada.com/products/h71989,INSTALLATION_SECTION_REVIEW_REQUIRED
H-71989-80BBA,"H-71989  Series Handle/Pull - Brushed Gold, Rose Gold, Brushed Black, Brushed Nickel, Aluminum, Chrome Finish",Brushed Black BBA,https://eurofitcanada.com/products/h71989,INSTALLATION_SECTION_REVIEW_REQUIRED
H-71989-80CP,"H-71989  Series Handle/Pull - Brushed Gold, Rose Gold, Brushed Black, Brushed Nickel, Aluminum, Chrome Finish",Chrome CP,https://eurofitcanada.com/products/h71989,INSTALLATION_SECTION_REVIEW_REQUIRED
H-71989-80ALA,"H-71989  Series Handle/Pull - Brushed Gold, Rose Gold, Brushed Black, Brushed Nickel, Aluminum, Chrome Finish",Aluminum ALA,https://eurofitcanada.com/products/h71989,INSTALLATION_SECTION_REVIEW_REQUIRED
H-71989-80BGA,"H-71989  Series Handle/Pull - Brushed Gold, Rose Gold, Brushed Black, Brushed Nickel, Aluminum, Chrome Finish",Brushed Gold BGA,https://eurofitcanada.com/products/h71989,INSTALLATION_SECTION_REVIEW_REQUIRED
H-71989-80RG,"H-71989  Series Handle/Pull - Brushed Gold, Rose Gold, Brushed Black, Brushed Nickel, Aluminum, Chrome Finish",Rose Gold RG,https://eurofitcanada.com/products/h71989,INSTALLATION_SECTION_REVIEW_REQUIRED
H-71989-96ALA,"H-71989  Series Handle/Pull - Brushed Gold, Rose Gold, Brushed Black, Brushed Nickel, Aluminum, Chrome Finish",Aluminum ALA,https://eurofitcanada.com/products/h71989,INSTALLATION_SECTION_REVIEW_REQUIRED
H-71989-128BSS,"H-71989  Series Handle/Pull - Brushed Gold, Rose Gold, Brushed Black, Brushed Nickel, Aluminum, Chrome Finish",Brushed Nickel BSS,https://eurofitcanada.com/products/h71989,INSTALLATION_SECTION_REVIEW_REQUIRED
H-71989-128BBA,"H-71989  Series Handle/Pull - Brushed Gold, Rose Gold, Brushed Black, Brushed Nickel, Aluminum, Chrome Finish",Brushed Black BBA,https://eurofitcanada.com/products/h71989,INSTALLATION_SECTION_REVIEW_REQUIRED
H-71989-128ALA,"H-71989  Series Handle/Pull - Brushed Gold, Rose Gold, Brushed Black, Brushed Nickel, Aluminum, Chrome Finish",Aluminum ALA,https://eurofitcanada.com/products/h71989,INSTALLATION_SECTION_REVIEW_REQUIRED
H-71989-128RG,"H-71989  Series Handle/Pull - Brushed Gold, Rose Gold, Brushed Black, Brushed Nickel, Aluminum, Chrome Finish",Rose Gold RG,https://eurofitcanada.com/products/h71989,INSTALLATION_SECTION_REVIEW_REQUIRED
,"H-71989  Series Handle/Pull - Brushed Gold, Rose Gold, Brushed Black, Brushed Nickel, Aluminum, Chrome Finish",Chrome CP,https://eurofitcanada.com/products/h71989,INSTALLATION_SECTION_REVIEW_REQUIRED; MISSING_OR_CONFLICTING_SUPPLIER_SKU
H-71989-192BSS,"H-71989  Series Handle/Pull - Brushed Gold, Rose Gold, Brushed Black, Brushed Nickel, Aluminum, Chrome Finish",Brushed Nickel BSS,https://eurofitcanada.com/products/h71989,INSTALLATION_SECTION_REVIEW_REQUIRED
H-71989-192BBA,"H-71989  Series Handle/Pull - Brushed Gold, Rose Gold, Brushed Black, Brushed Nickel, Aluminum, Chrome Finish",Brushed Black BBA,https://eurofitcanada.com/products/h71989,INSTALLATION_SECTION_REVIEW_REQUIRED
H-71989-192CP,"H-71989  Series Handle/Pull - Brushed Gold, Rose Gold, Brushed Black, Brushed Nickel, Aluminum, Chrome Finish",Chrome CP,https://eurofitcanada.com/products/h71989,INSTALLATION_SECTION_REVIEW_REQUIRED
H-71989-192ALA,"H-71989  Series Handle/Pull - Brushed Gold, Rose Gold, Brushed Black, Brushed Nickel, Aluminum, Chrome Finish",Aluminum ALA,https://eurofitcanada.com/products/h71989,INSTALLATION_SECTION_REVIEW_REQUIRED
H-71989-192BGA,"H-71989  Series Handle/Pull - Brushed Gold, Rose Gold, Brushed Black, Brushed Nickel, Aluminum, Chrome Finish",Brushed Gold BGA,https://eurofitcanada.com/products/h71989,INSTALLATION_SECTION_REVIEW_REQUIRED
H-71989-192RG,"H-71989  Series Handle/Pull - Brushed Gold, Rose Gold, Brushed Black, Brushed Nickel, Aluminum, Chrome Finish",Rose Gold RG,https://eurofitcanada.com/products/h71989,INSTALLATION_SECTION_REVIEW_REQUIRED
H-71989-320BSS,"H-71989  Series Handle/Pull - Brushed Gold, Rose Gold, Brushed Black, Brushed Nickel, Aluminum, Chrome Finish",Brushed Nickel BSS,https://eurofitcanada.com/products/h71989,INSTALLATION_SECTION_REVIEW_REQUIRED
H-71989-320BBA,"H-71989  Series Handle/Pull - Brushed Gold, Rose Gold, Brushed Black, Brushed Nickel, Aluminum, Chrome Finish",Brushed Black BBA,https://eurofitcanada.com/products/h71989,INSTALLATION_SECTION_REVIEW_REQUIRED
H-71989-320CP,"H-71989  Series Handle/Pull - Brushed Gold, Rose Gold, Brushed Black, Brushed Nickel, Aluminum, Chrome Finish",Chrome CP,https://eurofitcanada.com/products/h71989,INSTALLATION_SECTION_REVIEW_REQUIRED
H-71989-320ALA,"H-71989  Series Handle/Pull - Brushed Gold, Rose Gold, Brushed Black, Brushed Nickel, Aluminum, Chrome Finish",Aluminum ALA,https://eurofitcanada.com/products/h71989,INSTALLATION_SECTION_REVIEW_REQUIRED
H-71989-320BGA,"H-71989  Series Handle/Pull - Brushed Gold, Rose Gold, Brushed Black, Brushed Nickel, Aluminum, Chrome Finish",Brushed Gold BGA,https://eurofitcanada.com/products/h71989,INSTALLATION_SECTION_REVIEW_REQUIRED
H-71989-320RG,"H-71989  Series Handle/Pull - Brushed Gold, Rose Gold, Brushed Black, Brushed Nickel, Aluminum, Chrome Finish",Rose Gold RG,https://eurofitcanada.com/products/h71989,INSTALLATION_SECTION_REVIEW_REQUIRED
H-71989-416BSS,"H-71989  Series Handle/Pull - Brushed Gold, Rose Gold, Brushed Black, Brushed Nickel, Aluminum, Chrome Finish",Brushed Nickel BSS,https://eurofitcanada.com/products/h71989,INSTALLATION_SECTION_REVIEW_REQUIRED
H-71989-416BBA,"H-71989  Series Handle/Pull - Brushed Gold, Rose Gold, Brushed Black, Brushed Nickel, Aluminum, Chrome Finish",Brushed Black BBA,https://eurofitcanada.com/products/h71989,INSTALLATION_SECTION_REVIEW_REQUIRED
H-71989-416ALA,"H-71989  Series Handle/Pull - Brushed Gold, Rose Gold, Brushed Black, Brushed Nickel, Aluminum, Chrome Finish",Aluminum ALA,https://eurofitcanada.com/products/h71989,INSTALLATION_SECTION_REVIEW_REQUIRED
H-72053-80BSS,"H-72053 Series Handle/Pull - Brush Nickel, Black, Rose Gold, Chrome Finished",Brushed Nickel BSS,https://eurofitcanada.com/products/h-009-arch-satin-nickel-black-nickel-finished-copy,INSTALLATION_SECTION_REVIEW_REQUIRED
H-72053-80BK,"H-72053 Series Handle/Pull - Brush Nickel, Black, Rose Gold, Chrome Finished",Black BK,https://eurofitcanada.com/products/h-009-arch-satin-nickel-black-nickel-finished-copy,INSTALLATION_SECTION_REVIEW_REQUIRED
H-72053-80RG,"H-72053 Series Handle/Pull - Brush Nickel, Black, Rose Gold, Chrome Finished",Rose Gold,https://eurofitcanada.com/products/h-009-arch-satin-nickel-black-nickel-finished-copy,INSTALLATION_SECTION_REVIEW_REQUIRED
H-72053-80CP,"H-72053 Series Handle/Pull - Brush Nickel, Black, Rose Gold, Chrome Finished",Chrome,https://eurofitcanada.com/products/h-009-arch-satin-nickel-black-nickel-finished-copy,INSTALLATION_SECTION_REVIEW_REQUIRED
H-72053-120BSS,"H-72053 Series Handle/Pull - Brush Nickel, Black, Rose Gold, Chrome Finished",Brushed Nickel BSS,https://eurofitcanada.com/products/h-009-arch-satin-nickel-black-nickel-finished-copy,INSTALLATION_SECTION_REVIEW_REQUIRED
H-72053-120BK,"H-72053 Series Handle/Pull - Brush Nickel, Black, Rose Gold, Chrome Finished",Black BK,https://eurofitcanada.com/products/h-009-arch-satin-nickel-black-nickel-finished-copy,INSTALLATION_SECTION_REVIEW_REQUIRED
H-72053-120RG,"H-72053 Series Handle/Pull - Brush Nickel, Black, Rose Gold, Chrome Finished",Rose Gold,https://eurofitcanada.com/products/h-009-arch-satin-nickel-black-nickel-finished-copy,INSTALLATION_SECTION_REVIEW_REQUIRED
H-72053-120CP,"H-72053 Series Handle/Pull - Brush Nickel, Black, Rose Gold, Chrome Finished",Chrome,https://eurofitcanada.com/products/h-009-arch-satin-nickel-black-nickel-finished-copy,INSTALLATION_SECTION_REVIEW_REQUIRED
H-72053-200BSS,"H-72053 Series Handle/Pull - Brush Nickel, Black, Rose Gold, Chrome Finished",Brushed Nickel BSS,https://eurofitcanada.com/products/h-009-arch-satin-nickel-black-nickel-finished-copy,INSTALLATION_SECTION_REVIEW_REQUIRED
H-72053-200BK,"H-72053 Series Handle/Pull - Brush Nickel, Black, Rose Gold, Chrome Finished",Black BK,https://eurofitcanada.com/products/h-009-arch-satin-nickel-black-nickel-finished-copy,INSTALLATION_SECTION_REVIEW_REQUIRED
H-72053-200RG,"H-72053 Series Handle/Pull - Brush Nickel, Black, Rose Gold, Chrome Finished",Rose Gold,https://eurofitcanada.com/products/h-009-arch-satin-nickel-black-nickel-finished-copy,INSTALLATION_SECTION_REVIEW_REQUIRED
H-72053-200CP,"H-72053 Series Handle/Pull - Brush Nickel, Black, Rose Gold, Chrome Finished",Chrome,https://eurofitcanada.com/products/h-009-arch-satin-nickel-black-nickel-finished-copy,INSTALLATION_SECTION_REVIEW_REQUIRED
H-72053-300BSS,"H-72053 Series Handle/Pull - Brush Nickel, Black, Rose Gold, Chrome Finished",Brushed Nickel BSS,https://eurofitcanada.com/products/h-009-arch-satin-nickel-black-nickel-finished-copy,INSTALLATION_SECTION_REVIEW_REQUIRED
H-72053-300BK,"H-72053 Series Handle/Pull - Brush Nickel, Black, Rose Gold, Chrome Finished",Black BK,https://eurofitcanada.com/products/h-009-arch-satin-nickel-black-nickel-finished-copy,INSTALLATION_SECTION_REVIEW_REQUIRED
H-72053-300RG,"H-72053 Series Handle/Pull - Brush Nickel, Black, Rose Gold, Chrome Finished",Rose Gold,https://eurofitcanada.com/products/h-009-arch-satin-nickel-black-nickel-finished-copy,INSTALLATION_SECTION_REVIEW_REQUIRED
H-72053-300CP,"H-72053 Series Handle/Pull - Brush Nickel, Black, Rose Gold, Chrome Finished",Chrome,https://eurofitcanada.com/products/h-009-arch-satin-nickel-black-nickel-finished-copy,INSTALLATION_SECTION_REVIEW_REQUIRED
H-72053-400BSS,"H-72053 Series Handle/Pull - Brush Nickel, Black, Rose Gold, Chrome Finished",Brushed Nickel BSS,https://eurofitcanada.com/products/h-009-arch-satin-nickel-black-nickel-finished-copy,INSTALLATION_SECTION_REVIEW_REQUIRED
H-72053-400BK,"H-72053 Series Handle/Pull - Brush Nickel, Black, Rose Gold, Chrome Finished",Black BK,https://eurofitcanada.com/products/h-009-arch-satin-nickel-black-nickel-finished-copy,INSTALLATION_SECTION_REVIEW_REQUIRED
H-72053-400RG,"H-72053 Series Handle/Pull - Brush Nickel, Black, Rose Gold, Chrome Finished",Rose Gold,https://eurofitcanada.com/products/h-009-arch-satin-nickel-black-nickel-finished-copy,INSTALLATION_SECTION_REVIEW_REQUIRED
H-72053-400CP,"H-72053 Series Handle/Pull - Brush Nickel, Black, Rose Gold, Chrome Finished",Chrome,https://eurofitcanada.com/products/h-009-arch-satin-nickel-black-nickel-finished-copy,INSTALLATION_SECTION_REVIEW_REQUIRED
H-72053-500BSS,"H-72053 Series Handle/Pull - Brush Nickel, Black, Rose Gold, Chrome Finished",Brushed Nickel BSS,https://eurofitcanada.com/products/h-009-arch-satin-nickel-black-nickel-finished-copy,INSTALLATION_SECTION_REVIEW_REQUIRED
H-72053-500BK,"H-72053 Series Handle/Pull - Brush Nickel, Black, Rose Gold, Chrome Finished",Black BK,https://eurofitcanada.com/products/h-009-arch-satin-nickel-black-nickel-finished-copy,INSTALLATION_SECTION_REVIEW_REQUIRED
H-72053-500RG,"H-72053 Series Handle/Pull - Brush Nickel, Black, Rose Gold, Chrome Finished",Rose Gold,https://eurofitcanada.com/products/h-009-arch-satin-nickel-black-nickel-finished-copy,INSTALLATION_SECTION_REVIEW_REQUIRED
H-72053-500CP,"H-72053 Series Handle/Pull - Brush Nickel, Black, Rose Gold, Chrome Finished",Chrome,https://eurofitcanada.com/products/h-009-arch-satin-nickel-black-nickel-finished-copy,INSTALLATION_SECTION_REVIEW_REQUIRED
Display,Handle Board,Acrylic,https://eurofitcanada.com/products/handle-board,DISPLAY_BOARD_NOT_INDIVIDUAL_HARDWARE; MISSING_OR_UNMAPPED_MOUNTING_SPACING; MISSING_OR_UNMAPPED_OVERALL_LENGTH
K-073BSS,"K-073 Illustration Knob - Satin Nickel, Chrome, Black Finish",Brushed Nickel BSS,https://eurofitcanada.com/products/k-073-illustration-knob-satin-nickel-chrome-black-nickel-finish-diameter-32-x-h22mm,CATALOGUE_WEBSITE_DIMENSION_CONFLICT
K-073CP,"K-073 Illustration Knob - Satin Nickel, Chrome, Black Finish",Chrome CP,https://eurofitcanada.com/products/k-073-illustration-knob-satin-nickel-chrome-black-nickel-finish-diameter-32-x-h22mm,CATALOGUE_WEBSITE_DIMENSION_CONFLICT
K-073BK,"K-073 Illustration Knob - Satin Nickel, Chrome, Black Finish",Black BK,https://eurofitcanada.com/products/k-073-illustration-knob-satin-nickel-chrome-black-nickel-finish-diameter-32-x-h22mm,CATALOGUE_WEBSITE_DIMENSION_CONFLICT
,"K-073 Illustration Knob - Satin Nickel, Chrome, Black Finish",Black Nickel,https://eurofitcanada.com/products/k-073-illustration-knob-satin-nickel-chrome-black-nickel-finish-diameter-32-x-h22mm,CATALOGUE_WEBSITE_DIMENSION_CONFLICT; MISSING_OR_CONFLICTING_SUPPLIER_SKU
,K-091BSS Swirl Pattern Knob - Satin Nickel Finish,Brushed Nickel BSS,https://eurofitcanada.com/products/k-091bss-swirl-pattern-knob-satin-nickel-finish-l22-x-w13-x-h30mm,DETAILED_PROFILE_REQUIRED; MISSING_OR_CONFLICTING_SUPPLIER_SKU; MISSING_WIDTH
,K-325 Buzz Knob - Satin Nickel Finish,Brushed Nickel BSS,https://eurofitcanada.com/products/k-325-buzz-knob-satin-nickel-finish,MISSING_OR_CONFLICTING_SUPPLIER_SKU
K-326AIH,"K-326 Symphony Knob - Antique Silver, Oil Brushed Finish",Antique Silver AIH,https://eurofitcanada.com/products/k-326-symphony-knob-antique-silver-oil-brushed-finished-l31-x-w31-x-h24mm,DETAILED_PROFILE_REQUIRED
K-326ORB,"K-326 Symphony Knob - Antique Silver, Oil Brushed Finish",Oil Brushed ORB,https://eurofitcanada.com/products/k-326-symphony-knob-antique-silver-oil-brushed-finished-l31-x-w31-x-h24mm,DETAILED_PROFILE_REQUIRED
K-354AIH,"K-354 Dramatic Knob - Antique Silver, Oil Brushed Finish",Antique Silver AIH,https://eurofitcanada.com/products/k-354-dramatic-knob-antique-silver-oil-brushed-finished-l31-x-w31-x-h24mm,DETAILED_PROFILE_REQUIRED
K-354ORB,"K-354 Dramatic Knob - Antique Silver, Oil Brushed Finish",Oil Brushed ORB,https://eurofitcanada.com/products/k-354-dramatic-knob-antique-silver-oil-brushed-finished-l31-x-w31-x-h24mm,DETAILED_PROFILE_REQUIRED
K-358AIH,"K-358 Sophisticated Knob - Antique Silver, Oil Brushed Finish",Antique Silver AIH,https://eurofitcanada.com/products/k-358-sophisticated-knob-antique-silver-oil-brushed-l31-x-w31-x-h24mm,DETAILED_PROFILE_REQUIRED
K-358ORB,"K-358 Sophisticated Knob - Antique Silver, Oil Brushed Finish",Oil Brushed ORB,https://eurofitcanada.com/products/k-358-sophisticated-knob-antique-silver-oil-brushed-l31-x-w31-x-h24mm,DETAILED_PROFILE_REQUIRED
,K-414BSS Simplicity Knob - Satin Nickel Finish,Brushed Nickel BSS,https://eurofitcanada.com/products/k-414bss-simplicity-knob-satin-nickel-finished-l25-x-w25-x-h8mm-1,MISSING_OR_CONFLICTING_SUPPLIER_SKU
K-419CP,"K-419 Brillant Knob - Satin Nickel, Chrome Finish",Chrome CP,https://eurofitcanada.com/products/k-419-brillant-knob-satin-nickel-chrome-finished-l59-x-w59-x-h20mm,DETAILED_PROFILE_REQUIRED
K-419BSS,"K-419 Brillant Knob - Satin Nickel, Chrome Finish",Brushed Nickel BSS,https://eurofitcanada.com/products/k-419-brillant-knob-satin-nickel-chrome-finished-l59-x-w59-x-h20mm,DETAILED_PROFILE_REQUIRED
K-581CP,"K-581 Vibrant Knob - Satin Nickel, Chrome Finish",Chrome CP,https://eurofitcanada.com/products/k-581-vibrant-knob-satin-nickel-chrome-finished-l40-x-w40-x-h32mm,CATALOGUE_WEBSITE_DIMENSION_CONFLICT
K-581BSS,"K-581 Vibrant Knob - Satin Nickel, Chrome Finish",Brushed Nickel BSS,https://eurofitcanada.com/products/k-581-vibrant-knob-satin-nickel-chrome-finished-l40-x-w40-x-h32mm,CATALOGUE_WEBSITE_DIMENSION_CONFLICT
K-61159BK,"K-61159 Whimsical - Chrome, Brushed Nickel, Oil Brushed, Rose Gold, Black Finish",Black BK,https://eurofitcanada.com/products/h-61159-160-whimsical-chrome-brushed-nickel-finish-l178-x-w11-x-h34-mm,CATALOGUE_WEBSITE_DIMENSION_CONFLICT
K-61159BSS,"K-61159 Whimsical - Chrome, Brushed Nickel, Oil Brushed, Rose Gold, Black Finish",Brushed Nickel BSS,https://eurofitcanada.com/products/h-61159-160-whimsical-chrome-brushed-nickel-finish-l178-x-w11-x-h34-mm,CATALOGUE_WEBSITE_DIMENSION_CONFLICT
K-61159CP,"K-61159 Whimsical - Chrome, Brushed Nickel, Oil Brushed, Rose Gold, Black Finish",Chrome CP,https://eurofitcanada.com/products/h-61159-160-whimsical-chrome-brushed-nickel-finish-l178-x-w11-x-h34-mm,CATALOGUE_WEBSITE_DIMENSION_CONFLICT
K-61159ORB,"K-61159 Whimsical - Chrome, Brushed Nickel, Oil Brushed, Rose Gold, Black Finish",Oil Brushed ORB,https://eurofitcanada.com/products/h-61159-160-whimsical-chrome-brushed-nickel-finish-l178-x-w11-x-h34-mm,CATALOGUE_WEBSITE_DIMENSION_CONFLICT
K-61159SB,"K-61159 Whimsical - Chrome, Brushed Nickel, Oil Brushed, Rose Gold, Black Finish",Rose Gold SB,https://eurofitcanada.com/products/h-61159-160-whimsical-chrome-brushed-nickel-finish-l178-x-w11-x-h34-mm,CATALOGUE_WEBSITE_DIMENSION_CONFLICT
K-61703BK,"K-61703 Modern Knob - Chrome, Black, Rose Gold Finish",Black BK,https://eurofitcanada.com/products/k-61703-modern-knob,CATALOGUE_WEBSITE_DIMENSION_CONFLICT
K-61703CP,"K-61703 Modern Knob - Chrome, Black, Rose Gold Finish",Chrome CP,https://eurofitcanada.com/products/k-61703-modern-knob,CATALOGUE_WEBSITE_DIMENSION_CONFLICT
K-61703SB,"K-61703 Modern Knob - Chrome, Black, Rose Gold Finish",Rose Gold SB,https://eurofitcanada.com/products/k-61703-modern-knob,CATALOGUE_WEBSITE_DIMENSION_CONFLICT
K-61705BSS,"K-61705 Knob - Satin Nickel, Rose Gold Finish",Brushed Nickel BSS,https://eurofitcanada.com/products/k-61705knob-satin-nickel-rose-gold-finished-l37-x-w25-x-h22mm,CATALOGUE_WEBSITE_DIMENSION_CONFLICT
K-61705SB,"K-61705 Knob - Satin Nickel, Rose Gold Finish",Rose Gold SB,https://eurofitcanada.com/products/k-61705knob-satin-nickel-rose-gold-finished-l37-x-w25-x-h22mm,CATALOGUE_WEBSITE_DIMENSION_CONFLICT
K-61705BK,"K-61705 Knob - Satin Nickel, Rose Gold Finish",Black BK,https://eurofitcanada.com/products/k-61705knob-satin-nickel-rose-gold-finished-l37-x-w25-x-h22mm,CATALOGUE_WEBSITE_DIMENSION_CONFLICT
K-62123BSS,"K-62123 Knob - Brushed Nickel, Oil Brushed Finish",Brushed Nickel BSS,https://eurofitcanada.com/products/k-62123-knob-brushed-nickel-oil-brushed-finish,CATALOGUE_WEBSITE_DIMENSION_CONFLICT
K-62123BOR,"K-62123 Knob - Brushed Nickel, Oil Brushed Finish",Oil Brushed BOR,https://eurofitcanada.com/products/k-62123-knob-brushed-nickel-oil-brushed-finish,CATALOGUE_WEBSITE_DIMENSION_CONFLICT
K-65804BK,"K-65804 Knob - Matt Black, Satin Nickel, Chrome, Gold Finish",Black BK,https://eurofitcanada.com/products/k-65804-knob-matt-black-satin-nickel-chrome-gold-finish,CATALOGUE_WEBSITE_DIMENSION_CONFLICT
K-65804BSS,"K-65804 Knob - Matt Black, Satin Nickel, Chrome, Gold Finish",Brushed Nickel BSS,https://eurofitcanada.com/products/k-65804-knob-matt-black-satin-nickel-chrome-gold-finish,CATALOGUE_WEBSITE_DIMENSION_CONFLICT
K-65804CP,"K-65804 Knob - Matt Black, Satin Nickel, Chrome, Gold Finish",Chrome CP,https://eurofitcanada.com/products/k-65804-knob-matt-black-satin-nickel-chrome-gold-finish,CATALOGUE_WEBSITE_DIMENSION_CONFLICT
K-65804GL,"K-65804 Knob - Matt Black, Satin Nickel, Chrome, Gold Finish",Gold GL,https://eurofitcanada.com/products/k-65804-knob-matt-black-satin-nickel-chrome-gold-finish,CATALOGUE_WEBSITE_DIMENSION_CONFLICT
,K-71725 Knob - Black Nickel Finish,Black Nickel,https://eurofitcanada.com/products/k-71725-knob-black-nickel-finish,MISSING_OR_CONFLICTING_SUPPLIER_SKU
